Park Name,1982,1983,1984,1985,1986,1987,1988,1989,1990,1991,1992,1993,1994,1995,1996,1997,1998,1999,2000,2001,Average
Abraham Lincoln Birthplace NHP,"318,707","256,126","258,023","264,905","280,620","292,825","288,324","309,823","307,669","316,945","302,739","293,710","279,542","268,509","249,344","262,889","250,842","251,204","236,180","229,675","275,930"
Acadia NP,"3,572,114","4,124,639","3,734,763","3,745,570","3,929,054","4,288,154","4,502,283","5,440,952","2,339,591","2,475,857","2,382,113","2,656,034","2,710,749","2,845,378","2,704,831","2,760,306","2,594,497","2,602,227","2,469,238","2,516,551","3,219,745"
Adams NHP,"25,440","26,162","23,398","24,555","24,693","25,617","21,617","22,595","20,315","26,958","27,400","43,877","41,179","47,312","38,230","56,643","63,569","84,574","87,347","167,500","44,949"
Agate Fossil Beds NM,"9,018","10,097","10,317","10,366","10,187","11,439","11,156","11,459","14,482","13,891","18,785","19,467","18,970","18,719","16,567","20,596","17,594","18,117","17,933","17,399","14,828"
Alibates Flint Quarries NM,"2,398","1,919","2,251","2,200","2,202","2,494","2,140","3,842","3,418","3,812","3,419","3,155","3,392","2,769","3,276","3,363","3,293","3,047","3,131","2,456","2,899"
Allegheny Portage Railroad NHS,"60,069","55,148","59,635","69,523","68,990","93,289","123,622","133,324","131,735","154,816","183,473","189,009","160,394","145,307","139,446","121,841","111,100","111,391","133,396","142,340","119,392"
Amistad NRA,"1,259,668","1,221,445","1,164,338","1,139,366","1,206,669","1,219,967","1,284,606","1,321,168","1,306,474","1,215,691","1,559,659","1,505,084","1,591,903","1,422,321","1,238,990","1,084,433","1,129,811","1,164,166","1,234,506","1,097,650","1,268,396"
Andersonville NHS,"104,053","110,921","101,029","118,440","129,798","130,114","129,912","136,068","131,406","151,408","143,025","136,567","162,279","156,581","197,394","196,340","225,653","182,539","167,373","160,974","148,594"
Andrew Johnson NHS,"77,578","119,410","84,889","68,607","72,600","77,095","76,566","71,350","71,017","82,076","64,481","41,703","59,538","63,196","59,102","67,309","60,207","51,779","59,897","49,551","68,898"
Aniakchak NM & PRES,,,,,,,,853,967,"1,469","1,638","1,593","1,193",0,,,209,377,251,206,796
Antietam NB,"410,399","433,122","528,369","585,190","706,720","610,674","135,117","147,007","217,249","263,110","243,707","181,909","237,821","215,914","246,082","275,639","275,385","268,897","286,896","303,599","328,640"
Apostle Islands NL,"125,756","130,913","127,300","117,353","113,621","137,341","140,107","135,016","140,980","141,038","113,106","129,793","147,376","167,909","168,614","183,636","236,829","193,260","181,760","185,435","150,857"
Appomattox Court House NHP,"240,405","246,277","318,027","277,613","323,784","336,075","312,693","377,440","402,947","321,668","311,921","211,557","273,768","223,288","205,938","204,862","201,874","198,665","196,363","190,422","268,779"
Arches NP,"339,415","287,875","345,180","363,464","419,444","468,916","520,455","555,809","620,719","705,882","799,831","773,678","777,178","859,374","856,016","858,525","837,161","869,980","786,429","754,026","639,968"
Arkansas Post NMEM,"58,349","55,443","58,297","55,113","60,258","60,593","68,623","69,023","78,468","81,388","51,594","51,604","46,655","40,361","47,919","50,422","51,858","49,087","43,903","43,502","56,123"
Arlington House The R.E. Lee MEM,"511,982","514,863","635,748","496,848","481,546","481,121","493,031","439,009","463,467","483,440","459,660","496,526","494,048","559,509","409,143","428,347","511,200","476,911","377,011","429,470","482,144"
Assateague Island NS,"2,019,438","2,150,285","2,024,519","2,304,906","2,452,652","2,648,892","2,418,662","2,074,764","2,050,593","2,087,524","1,868,445","2,002,612","1,958,017","1,928,397","1,910,450","1,892,042","1,836,784","1,891,992","1,810,501","1,897,634","2,061,455"
Aztec Ruins NM,"60,878","61,693","58,394","58,187","62,519","65,459","79,518","86,874","80,037","89,220","93,894","82,764","80,699","72,499","65,955","61,979","63,259","58,318","52,136","46,451","69,037"
Badlands NP,"1,030,484","1,026,981","1,113,675","950,242","1,025,630","1,174,398","1,110,040","1,237,956","1,326,475","1,518,396","1,205,297","1,179,458","1,130,459","1,075,569","1,024,705","970,696","1,021,049","950,453","1,105,824","955,469","1,106,663"
Bandelier NM,"210,850","199,775","215,500","238,434","237,977","261,527","249,561","322,273","327,918","345,725","360,204","366,638","430,138","395,677","363,447","409,303","354,672","332,764","248,276","313,850","309,225"
Bent's Old Fort NHS,"44,318","40,173","38,330","42,875","44,770","41,194","41,832","45,512","43,209","47,170","48,609","44,935","44,717","38,338","37,640","38,771","41,106","36,814","30,461","30,987","41,088"
Bering Land Bridge NPRES,,,,,,,,,,,,,,,,,"3,740","3,000","3,025","3,525","3,323"
Big Bend NP,"180,144","164,926","167,665","188,045","200,622","227,921","239,595","281,728","257,378","296,470","294,535","327,907","330,417","295,460","279,454","305,882","338,442","327,649","262,320","328,927","264,774"
Big Cypress NPRES,,,,,,,,"81,157","127,790","159,172","212,682","234,830","294,307","365,463","424,920","462,553","474,895","503,110","505,062","409,771","327,362"
Big Hole NB,"41,128","46,748","37,695","34,603","39,388","32,694","43,351","50,031","43,820","54,065","64,177","62,198","65,671","64,125","50,235","51,708","64,968","62,302","40,470","56,619","50,300"
Big South Fork NRRA,,,,,,,"613,011","730,183","794,539","860,017","752,203","737,947","800,460","892,328","855,882","858,388","856,480","860,224","864,200","916,548","813,744"
Big Thicket NPRES,"43,824","33,355","81,548","77,664","66,669","62,460","71,765","102,174","77,930","64,076","72,269","82,854","127,313","115,466","111,626","77,633","60,087","60,193","62,009","98,526","77,472"
Bighorn Canyon NRA,"391,017","373,150","379,625","456,020","455,228","452,103","441,172","455,401","463,311","481,098","459,660","397,336","410,594","378,180","301,533","190,509","279,637","234,013","238,049","241,388","373,951"
Biscayne NP,"348,219","369,082","340,567","460,921","578,013","607,968","531,036","589,957","573,376","488,134","307,512","19,950","25,147","584,519","338,603","392,069","403,239","442,585","393,151","489,343","414,170"
Black Canyon of the Gunnison NP,"227,428","291,618","253,048","266,012","289,117","285,439","269,073","288,586","275,323","316,336","337,209","319,322","214,194","221,113","200,125","209,863","193,451","200,142","191,506","181,018","251,496"
Blue Ridge PKWY,"14,360,184","15,208,455","15,135,991","17,193,408","17,076,150","18,604,627","20,002,975","16,176,171","16,854,602","16,414,294","17,561,391","17,889,335","16,928,639","17,415,519","17,169,062","18,373,279","19,026,498","19,836,842","19,153,081","19,969,587","17,517,505"
Bluestone NSR,,,,,,,,,,,,"51,848","66,089","63,465","64,651","67,836","56,983","58,610","51,738","55,763","59,665"
Booker T. Washington NM,"20,461","23,007","24,972","19,644","20,859","20,588","20,070","17,571","25,060","20,887","25,983","25,894","26,210","25,704","20,134","19,172","19,226","22,623","21,435","22,692","22,110"
Boston African American NHS,,,,,,,,"102,779","194,531","232,064","341,487","328,256","467,858","358,029","345,739","365,843","384,331","391,235","393,175","390,130","330,420"
Boston NHP,"1,703,122","2,088,259","1,481,339","1,560,527","1,642,367","2,219,983","2,183,824","2,135,152","2,102,943","2,020,563","2,076,084","2,030,197","1,921,510","1,839,498","2,260,565","2,707,789","2,697,197","2,330,011","2,450,806","1,981,301","2,071,652"
Bryce Canyon NP,"471,517","472,633","495,104","500,782","578,018","718,342","791,348","808,045","862,659","929,067","1,018,174","1,107,951","1,028,134","994,548","1,269,600","1,174,824","1,166,331","1,081,521","1,099,275","1,068,619","881,825"
Buck Island Reef NM,"49,915","51,641","45,816","62,345","74,708","93,015","95,052","73,779","32,337","51,542","48,621","60,204","57,294","57,716","45,618","53,583","46,455",,,,"58,802"
Buffalo NR,"606,935","655,774","510,009","761,086","972,516","1,052,496","1,058,464","1,059,334","920,768","981,833","1,190,674","1,002,084","957,256","700,564","716,530","580,305","651,223","796,279","731,783","794,676","835,029"
Cabrillo NM,"1,466,162","1,450,605","1,461,025","1,652,089","1,687,899","1,739,363","1,608,694","1,452,501","1,386,847","1,234,781","1,300,818","1,152,220","1,119,473","1,054,946","1,047,672","1,115,458","1,095,638","1,167,486","1,136,296","1,034,753","1,318,236"
Canaveral NS,"1,072,818","1,075,321","1,181,302","931,769","1,136,380","1,037,027","1,038,035","949,201","1,079,022","1,159,001","1,032,992","1,211,492","1,432,880","1,380,438","1,496,961","1,368,632","703,301","846,512","1,115,345","1,062,962","1,115,570"
Canyon de Chelly NM,"373,526","385,992","432,073","452,286","568,989","612,831","665,283","601,107","642,189","728,305","743,806","766,670","767,368","768,163","818,667","842,169","844,958","852,048","848,348","833,202","677,399"
Canyonlands NP,"97,079","100,022","102,533","116,672","172,987","172,384","212,100","257,411","276,831","339,315","395,698","434,844","429,921","448,769","447,527","432,697","436,524","446,160","401,558","368,592","304,481"
Cape Cod NS,"4,021,111","4,595,071","4,560,713","4,374,799","3,991,213","4,941,569","5,180,970","5,020,069","5,449,380","5,442,379","5,116,923","5,154,610","5,228,594","5,141,039","4,901,782","4,608,454","4,804,185","4,915,414","4,581,169","4,391,478","4,821,046"
Cape Hatteras NS,"1,698,543","1,685,628","1,396,076","1,224,687","1,535,913","1,629,277","1,929,713","2,097,991","2,072,715","2,098,930","2,047,103","2,259,889","2,383,684","2,384,388","2,355,580","2,515,057","2,737,640","2,634,587","2,647,383","2,592,889","2,096,384"
Cape Krusenstern NM,"10,205","10,375","9,825","10,435","9,375","6,110","5,140","2,880","2,939","2,942","3,389","3,368","3,401","3,401","3,401","3,401","2,960","3,947","2,026","4,060","5,179"
Cape Lookout NS,"62,653","68,000","86,279","100,380","95,575","88,898","100,444","232,644","283,074","320,161","335,281","294,085","257,940","348,390","379,370","374,893","357,443","553,243","446,148","625,387","270,514"
Capitol Reef NP,"289,486","331,734","296,230","320,503","383,742","428,808","469,556","515,278","562,477","618,056","675,837","610,707","605,324","648,864","678,012","625,680","656,026","680,153","612,656","527,760","526,844"
Capulin Volcano NM,"44,824","39,861","39,946","43,810","46,968","38,849","47,869","43,566","53,857","62,640","61,984","54,148","56,123","65,604","64,680","65,109","70,121","65,278","62,265","60,542","54,402"
Carl Sandburg Home NHS,"50,216","46,673","48,756","53,689","61,346","55,196","57,863","55,435","54,568","65,157","54,941","56,992","54,478","48,634","42,879","41,402","37,911","36,442","35,240","34,769","49,629"
Carlsbad Caverns NP,"781,963","712,247","712,989","732,482","752,552","781,300","786,135","792,378","747,016","679,450","688,742","687,161","617,087","588,609","557,217","540,797","522,076","514,418","469,303","455,621","655,977"
Casa Grande Ruins NM,"105,190","119,229","133,680","142,252","160,936","179,915","166,782","164,011","175,025","176,910","172,345","161,886","170,572","164,753","155,941","157,447","150,715","151,185","124,130","132,630","153,277"
Castillo de San Marcos NM,"659,688","672,624","692,486","699,248","732,882","755,056","757,131","766,621","789,033","794,382","808,780","715,811","675,030","643,252","668,200","582,732","562,731","692,670","648,814","613,465","696,532"
Castle Clinton NM,"95,894","124,165","85,473","128,012","2,213,555","3,040,848","2,843,214","3,285,976","3,381,595","3,344,143","3,288,132","3,319,237","3,481,327","3,672,620","3,753,944","4,109,013","4,390,268","4,467,492","4,588,273","3,601,635","2,860,741"
Catoctin Mountain Park,"502,142","518,939","531,214","575,125","516,626","511,010","341,126","342,375","467,760","581,366","487,680","616,849","704,289","552,906","484,892","503,812","483,762","459,002","508,539","532,615","511,101"
Cedar Breaks NM,"374,695","329,268","353,092","385,381","425,732","430,559","477,493","480,276","417,330","456,001","392,628","557,824","710,981","539,060","543,760","608,399","578,974","597,460","550,657","690,652","495,011"
Chaco Culture NHP,"72,874","71,420","65,999","43,133","49,473","57,988","65,398","84,433","72,675","72,203","72,976","67,867","76,173","74,664","76,868","113,336","83,805","83,337","81,015","68,527","72,708"
Chamizal NMEM,"114,800","119,639","125,726","148,992","194,987","220,987","211,518","200,677","199,007","220,284","211,284","257,594","250,645","222,548","186,130","193,649","186,480","162,495","183,418","216,320","191,359"
Channel Islands NP,"172,287","205,024","203,411","164,132","172,913","174,607","168,592","152,662","144,083","149,263","169,181","184,867","175,226","525,882","490,715","488,757","574,270","607,057","482,571","520,428","296,296"
Charles Pinckney NHS,,,,,,,,,,,,,,"11,087","24,340","40,591","42,144","32,174","24,055","29,272","29,095"
Chattahoochee River NRA,"665,192","1,081,924","813,317","1,499,103","1,670,336","1,533,016","1,691,810","1,668,113","1,762,950","1,660,563","2,325,277","2,844,674","3,472,026","3,457,002","3,540,375","2,957,698","2,935,043","2,898,155","2,659,709","2,751,256","2,194,377"
Chesapeake & Ohio Canal NHP,"6,057,618","6,175,834","6,159,201","6,184,948","4,895,961","5,962,193","2,034,097","1,970,287","1,943,676","1,945,201","3,586,255","3,661,497","1,276,705","1,624,288","904,509","1,934,030","1,984,400","2,116,916","3,115,654","4,174,048","3,385,366"
Chickamauga & Chattanooga NMP,"906,018","1,020,953","1,102,303","1,075,504","1,157,127","1,076,260","877,104","851,534","955,084","1,002,285","995,622","1,015,945","1,015,610","1,036,777","974,898","1,008,277","1,019,503","928,124","838,350","749,913","980,360"
Chickasaw NRA,"2,094,319","2,238,456","2,026,727","2,129,513","1,983,835","1,854,417","1,884,537","1,962,353","1,600,628","1,453,032","1,385,386","1,370,475","1,446,711","1,686,136","1,551,574","1,572,079","1,615,577","1,602,065","1,389,537","1,608,792","1,722,807"
Chiricahua NM,"55,058","51,737","59,818","61,680","61,472","61,895","63,776","70,342","78,191","83,687","104,816","127,840","88,544","94,171","92,842","80,710","73,746","102,541","85,562","75,824","78,713"
Christiansted NHS,"99,531","100,936","80,475","133,603","196,053","125,326","128,226","128,656","101,859","110,626","124,512","113,883","118,067","117,766","111,891","108,825","107,223","104,081","98,947","112,915","116,170"
City of Rocks NRES,,,,,,,,,,,"97,764","84,164","80,881","77,811","67,785","72,043","60,827","72,341","66,252","68,165","74,803"
Clara Barton NHS,"12,875","13,131","16,790","17,315","21,936","18,592","23,993","35,581","55,469","16,597","9,928","8,640","10,518","13,323","11,341","12,686","11,992","10,438","13,759","17,382","17,614"
Colonial NHP,"8,518,883","2,068,928","2,504,777","2,138,188","1,990,230","2,431,687","2,472,650","2,223,181","2,308,398","2,197,903","2,188,121","2,345,401","3,296,242","3,303,324","3,145,039","3,218,180","3,122,557","3,136,262","3,153,600","3,282,461","2,952,301"
Colorado NM,"319,662","279,492","289,556","319,248","361,576","368,250","374,735","388,588","369,164","373,013","392,761","450,677","273,508","249,029","318,717","307,088","291,690","297,113","269,301","237,604","326,539"
Congaree NP,,,,"12,332","16,508","20,312","26,257","25,445","23,223","30,975","40,018","54,669","67,756","67,949","62,614","70,716","93,725","82,223","95,619","119,738","53,534"
Coronado NMEM,"43,330","33,539","39,319","44,026","53,832","55,793","69,730","56,734","56,993","61,893","69,179","78,931","86,667","92,100","93,656","87,788","90,565","87,183","84,898","89,107","68,763"
Cowpens NB,"52,502","57,842","65,511","79,732","94,513","90,786","93,604","95,020","124,858","147,555","179,361","159,553","167,831","158,175","189,434","188,369","180,727","186,373","212,876","218,361","137,149"
Crater Lake NP,"435,589","379,008","419,829","390,604","402,789","460,550","443,430","430,734","384,941","456,931","461,668","381,747","454,215","496,041","476,957","451,548","471,865","417,992","426,883","457,373","435,035"
Craters of the Moon NM & PRES,"294,387","273,693","220,801","172,503","178,332","202,800","217,022","189,317","207,766","217,879","244,806","238,508","227,918","236,008","217,586","218,036","193,304","215,567","211,642","185,799","218,184"
Cumberland Gap NHP,"632,023","718,375","719,816","729,685","788,593","776,593","760,840","887,570","897,802","951,728","962,396","975,997","954,010","1,020,369","1,051,683","1,372,951","1,317,835","1,434,425","1,520,386","887,488","968,028"
Cumberland Island NS,"38,450","32,832","32,372","30,077","28,165","27,879","30,066","35,149","36,414","36,452","39,737","38,166","40,743","40,022","43,182","49,864","45,351","44,127","43,782","45,193","37,901"
Curecanti NRA,"994,265","1,050,217","994,143","1,071,782","1,114,756","1,096,823","1,076,510","1,125,447","1,102,283","1,090,929","1,098,183","1,089,098","1,064,538","993,072","1,017,256","966,680","973,652","1,044,523","1,022,320","879,776","1,043,313"
Cuyahoga Valley NP,"717,815","939,562","1,018,828","1,004,858","1,042,148","1,113,405","1,229,717","1,159,648","1,200,622","1,358,984","1,430,382","2,266,139","3,266,401","3,195,207","3,455,878","3,527,837","3,467,107","3,324,284","3,324,918","3,123,353","2,058,355"
Dayton Aviation Heritage NHP,,,,,,,,,,,,,,,"39,262","34,706","38,308","32,882","36,038","48,489","38,281"
De Soto NMEM,"197,272","220,721","221,504","201,869","209,398","209,774","152,281","116,714","147,675","180,974","205,387","215,493","250,385","211,549","206,131","221,633","242,226","275,505","253,421","221,282","208,060"
Death Valley NP,"679,992","635,582","621,197","576,679","586,668","665,345","692,267","664,449","690,965","743,608","869,183","998,474","971,487","1,109,421","1,189,215","1,188,212","1,177,746","1,227,583","1,179,094","1,014,636","874,090"
Delaware Water Gap NRA,"2,135,790","2,293,666","2,136,212","2,186,179","2,247,087","2,546,884","2,527,862","2,434,195","2,330,419","4,275,847","4,037,407","4,167,638","4,773,659","4,726,251","4,657,735","4,752,100","5,019,175","4,953,427","4,900,745","4,867,273","3,598,478"
Denali NP & PRES,"321,868","346,082","395,099","436,545","529,749","575,013","592,431","543,640","546,693","558,870","503,674","505,565","490,311","543,309","341,385","354,278","372,519","386,867","363,983","360,191","453,404"
Devils Postpile NM,"79,999","73,612","97,809","108,678","89,518","118,913","116,819","125,623","158,662","145,439","90,152","134,653","105,854","105,230","123,364","142,739","121,108","152,642","147,983","155,478","119,714"
Devils Tower NM,"264,303","267,276","219,855","216,787","290,532","328,012","343,147","349,216","428,948","456,712","457,259","426,457","454,776","420,528","436,591","389,137","399,064","395,892","383,468","375,596","365,178"
Dinosaur NM,"396,938","427,375","493,140","418,187","430,891","412,089","474,452","436,303","450,368","447,781","480,412","534,274","480,576","496,509","464,133","446,624","420,295","410,742","397,069","326,373","442,227"
Dry Tortugas NP,"10,700","11,004","11,900","13,213","15,379","16,315","16,937","19,441","19,402","18,231","21,581","24,020","16,736","32,870","35,127","47,224","60,136","74,186","83,704","79,186","31,365"
Edgar Allan Poe NHS,"12,595","13,858","18,178","15,254","12,365","11,684","14,160","12,239","11,638","13,034","16,058","13,823","14,789","13,443","15,549","17,632","13,965","16,796",630,"12,552","13,512"
Effigy Mounds NM,"94,305","99,562","92,793","93,074","87,764","87,634","101,565","109,665","108,522","125,697","128,942","89,434","99,838","75,090","93,894","76,573","70,559","80,414","77,563","79,846","93,637"
Eisenhower NHS,"148,800","145,351","138,095","136,935","131,634","118,346","118,231","113,847","116,936","109,262","108,113","96,039","112,829","96,481","84,465","74,395","76,825","73,347","76,921","74,826","107,584"
El Malpais NM,,,,,,,"23,546","52,554","78,993","69,119","75,916","90,316","101,492","100,366","101,158","105,707","95,001","109,008","76,557","118,374","85,579"
El Morro NM,"29,933","29,278","33,125","47,299","54,941","56,426","61,178","67,256","69,343","69,439","81,475","80,470","87,548","83,564","82,655","80,146","79,953","80,529","67,707","68,886","65,558"
Eleanor Roosevelt NHS,,,,"30,712","30,313","28,814","29,158","36,466","42,833","77,632","89,363","90,136","82,999","84,879","93,998","85,226","85,347","65,703","76,958","86,012","65,679"
Eugene O'Neill NHS,,,,"2,814","2,639","3,529","4,218","3,129","3,654","3,282","3,692","3,007","3,031","3,112","3,440","3,497","3,616","3,400","3,579","3,510","3,362"
Everglades NP,"550,168","577,439","628,658","697,646","739,072","787,493","1,026,188","913,372","957,925","1,292,014","1,025,686","973,706","886,455","820,466","890,167","989,532","1,118,215","1,073,982","995,390","1,049,851","899,671"
Federal Hall NMEM,"112,387","115,358","157,217","245,148","466,394","344,852","333,673","273,784","289,382","179,180","131,350","127,700","169,420","198,913","259,932","205,487","251,975","211,482","241,897","203,816","225,967"
Fire Island NS,"539,150","531,183","524,757","552,542","522,672","570,507","537,282","589,474","683,962","763,181","657,996","639,741","688,974","348,788","385,706","534,888","558,479","559,764","600,333","661,692","572,554"
Florissant Fossil Beds NM,"49,577","51,309","54,845","93,990","127,430","143,597","155,012","161,740","94,844","73,075","87,969","81,508","100,333","91,434","91,278","86,488","79,779","81,510","82,094","79,669","93,374"
Ford's Theatre NHS,"619,669","704,440","765,739","769,780","786,153","827,775","883,448","781,697","940,372","853,469","854,789","942,106","996,379","1,025,989","995,416","1,054,482","1,220,391","1,159,435","1,164,176","1,224,540","928,512"
Fort Bowie NHS,"5,055","4,912","5,044","5,635","7,364","6,772","7,209","7,564","7,592","8,159","9,237","9,192","11,022","10,574","10,666","9,623","9,168","9,390","8,898","8,858","8,097"
Fort Caroline NMEM,"151,607","140,461","145,137","164,145","135,883","84,457","82,960","91,675","100,897","132,438","130,028","129,646","161,991","124,405","122,565","130,386","129,301","176,230","189,948","195,303","135,973"
Fort Davis NHS,"74,988","71,334","69,004","68,410","63,918","52,237","54,703","55,026","56,547","66,711","73,037","71,249","69,129","61,032","64,560","62,191","64,846","60,419","54,988","56,946","63,564"
Fort Donelson NB,"233,631","280,644","261,960","300,404","327,942","292,132","285,145","277,675","285,714","206,528","218,896","207,503","207,332","216,433","217,178","221,923","225,854","225,604","219,049","226,390","246,897"
Fort Frederica NM,"233,710","254,739","252,159","231,010","262,653","276,136","257,109","297,065","304,189","322,439","322,688","334,267","326,018","299,986","308,819","335,009","279,251","281,437","244,162","290,705","285,678"
Fort Laramie NHS,"94,936","97,090","89,745","81,531","86,110","85,236","78,965","65,302","66,892","66,135","74,329","93,954","79,746","59,281","54,402","67,493","53,159","56,065","47,298","44,376","72,102"
Fort Larned NHS,"24,419","60,788","67,292","58,625","55,138","43,565","48,012","42,735","38,399","46,816","52,958","47,413","46,125","48,310","45,985","43,563","43,530","42,572","40,001","35,581","46,591"
Fort Matanzas NM,"247,694","250,790","301,115","333,170","368,794","360,278","330,628","383,003","372,079","343,864","346,779","387,876","487,195","451,490","455,402","537,642","506,212","579,385","636,348","682,480","418,111"
Fort McHenry NM & HS,"685,443","723,297","772,531","795,752","810,114","546,360","575,992","591,376","561,800","563,042","587,841","518,439","575,747","603,976","610,932","661,141","684,724","682,012","690,781","646,775","644,404"
Fort Necessity NB,"139,511","134,187","166,539","140,199","155,233","142,498","135,497","167,945","182,104","209,360","173,969","145,301","102,050","107,903","96,103","88,307","97,797","85,438","93,860","89,133","132,647"
Fort Point NHS,"1,222,873","961,394","1,176,135","1,075,004","1,274,667","1,796,755","1,427,958","1,292,627","1,335,888","1,351,535","1,366,393","1,479,512","1,506,306","1,403,993","1,483,089","1,648,450","1,669,608","1,682,903","1,607,726","1,203,023","1,398,292"
Fort Pulaski NM,"278,463","291,318","365,084","381,616","480,859","381,468","284,228","461,730","342,107","373,787","363,979","344,963","338,461","313,879","343,706","355,040","361,104","358,710","354,900","357,953","356,668"
Fort Raleigh NHS,"300,353","359,761","389,893","272,832","259,622","282,944","287,379","279,977","289,411","282,468","289,361","327,450","324,179","288,674","308,348","354,977","357,928","305,305","244,750","267,464","303,654"
Fort Scott NHS,"63,725","73,306","78,035","76,193","82,923","74,496","68,280","76,753","76,294","74,495","84,695","77,946","73,050","49,559","48,406","48,423","50,328","42,250","36,479","40,673","64,815"
Fort Smith NHS,"129,012","118,692","121,561","138,410","160,019","129,293","129,873","87,516","85,233","75,748","101,090","116,926","103,800","96,054","75,056","62,392","41,846","35,880","53,628","84,974","97,350"
Fort Stanwix NM,"66,595","63,154","56,352","67,100","57,857","45,338","52,659","51,271","53,007","57,172","59,621","54,785","50,193","56,139","48,429","82,552","46,007","51,228","38,667","53,065","55,560"
Fort Sumter and Fort Moultrie NHP,"220,144","244,374","267,649","262,019","277,588","290,192","310,974","256,455","249,552","309,927","337,236","341,794","345,345","330,306","322,702","332,095","334,762","301,420","319,147","919,443","328,656"
Fort Union NM,"12,176","12,413","13,105","13,362","13,441","14,435","18,141","20,011","17,031","22,279","19,970","21,215","20,301","19,459","19,374","17,883","15,469","16,022","14,258","15,100","16,772"
Fort Union Trading Post NHS,"7,381","9,917","12,886","15,031","22,663","40,080","26,608","61,327","32,222","29,870","28,895","27,479","24,534","20,406","23,448","20,988","19,723","20,612","19,381","19,551","24,150"
Fort Vancouver NHS,"201,353","239,650","265,378","264,829","263,145","249,898","275,178","229,464","210,380","245,417","291,458","306,568","318,366","310,309","352,769","360,637","365,326","377,650","376,688","404,662","295,456"
Fort Washington Park,"332,693","256,219","304,382","367,587","299,413","225,272","324,942","404,922","399,460","349,710","332,928","255,829","203,253","244,691","247,954","264,052","273,951","248,131","258,667","267,032","293,054"
Fossil Butte NM,"17,393","16,402","14,771","15,585","15,281","19,635","20,456","19,528","26,471","22,673","23,824","26,499","25,055","26,219","22,394","23,106","22,473","22,043","21,915","19,902","21,081"
Franklin Delano Roosevelt MEM,,,,,,,,,,,,,,,,"1,925,858","4,258,807","3,453,171","2,918,846","2,866,417","3,084,620"
Frederick Douglass NHS,"30,943","30,347","29,507","30,881","33,379","34,629","37,778","43,127","50,094","45,460","54,912","49,268","50,035","53,279","82,326","33,922","31,081","35,319","32,458","29,618","40,918"
Frederick Law Olmsted NHS,"2,911","3,072","2,984","3,457","5,403","7,315","6,099","3,795","4,065","3,974","3,889","3,848","3,702","5,108","4,660","5,082","5,310","8,217","6,499","10,332","4,986"
Fredericksburg & Spotsylvania NMP,"961,455","244,328","232,626","240,932","252,943","381,504","404,422","448,985","449,004","471,311","472,623","472,239","493,643","465,082","477,991","464,773","449,798","480,820","489,833","465,323","440,982"
Friendship Hill NHS,,"9,313","11,335","13,620","14,128","16,232","12,002","15,406","17,312","13,526","20,648","19,545","14,681","17,372","19,228","20,666","27,711","24,558","29,913","33,791","18,473"
Gates of the Arctic NP & PRES,"1,381","2,138","2,440","1,381","2,801","1,060","1,258",822,"1,010","1,154","2,116","2,245","1,726","7,074","6,448","6,949","8,266","8,166","11,278","4,505","3,711"
Gateway Arch NP,"2,967,323","2,948,022","1,709,993","2,140,316","2,311,147","2,364,694","2,477,458","2,518,712","2,382,612","2,622,425","2,415,514","2,539,740","2,553,696","3,234,977","3,649,308","3,420,076","3,420,352","3,481,042","3,458,956","3,532,524","2,807,444"
Gateway NRA,"9,869,135","10,347,510","7,881,106","8,640,734","8,902,610","9,353,718","6,215,162","6,748,181","5,790,221","6,643,921","6,161,637","5,898,453","4,192,280","6,064,254","6,381,502","6,807,945","7,124,022","6,813,607","7,927,567","8,285,059","7,302,431"
Gauley River NRA,,,,,,,,,,,,"195,314","258,747","200,277","214,880","248,878","230,226","236,918","253,375","236,192","230,534"
General Grant NMEM,"43,620","82,592","86,914","53,952","46,630","69,220","62,949","76,011","83,447","89,175","70,888","37,272","54,540","115,800","98,127","126,432","105,856","110,971","111,299","85,107","80,540"
George Rogers Clark NHP,"107,725","111,083","112,747","121,555","120,903","119,724","113,783","118,085","119,751","128,120","136,125","143,471","165,322","131,337","135,132","194,292","143,092","146,413","134,241","129,161","131,603"
George Washington Birthplace NM,"131,001","136,708","151,733","150,515","163,358","175,420","152,098","150,381","154,083","152,301","157,960","155,529","127,822","155,281","79,261","97,788","102,262","127,449","141,453","141,907","140,216"
George Washington Carver NM,"68,553","79,202","82,028","137,117","148,681","120,544","33,528","60,279","49,174","34,316","55,876","34,626","37,419","36,773","35,042","40,432","44,477","37,653","52,517","41,464","61,485"
George Washington MEM PKWY,"9,216,441","8,569,579","8,246,006","8,780,684","9,097,082","9,564,781","9,537,694","3,048,161","5,329,182","5,004,736","5,731,850","5,491,037","5,619,821","6,546,803","6,126,490","5,844,294","6,584,802","6,946,945","7,897,161","7,664,091","7,042,382"
Gettysburg NMP,"1,151,141","1,198,949","1,212,226","1,321,130","1,363,161","1,335,247","1,464,544","1,352,728","1,243,642","1,415,840","1,299,203","1,411,453","1,674,532","1,642,982","1,632,720","1,727,070","1,701,660","1,641,838","1,542,184","1,792,380","1,456,232"
Gila Cliff Dwellings NM,"37,902","37,717","35,013","35,739","44,465","44,404","44,830","52,185","52,316","53,007","57,287","61,105","59,693","62,292","56,933","61,638","51,594","51,539","46,194","49,447","49,765"
Glacier Bay NP & PRES,"90,354","92,057","108,297","130,943","136,877","130,926","148,756","150,270","186,427","203,653","211,424","242,276","250,614","252,265","304,374","347,046","403,512","442,607","384,684","380,114","229,874"
Glacier NP,"1,666,114","2,203,847","1,946,703","1,603,011","1,579,151","1,660,737","1,817,733","1,821,523","1,986,737","2,096,966","2,199,767","2,141,704","2,152,989","1,839,518","1,720,805","1,708,856","1,830,944","1,684,604","1,728,693","1,680,614","1,853,551"
Glen Canyon NRA,"1,733,226","1,873,031","1,971,102","2,078,866","2,438,898","2,858,739","3,529,241","3,452,847","3,074,242","3,181,144","3,587,754","3,584,158","2,797,734","2,511,353","2,505,004","2,430,781","2,442,990","2,639,860","2,568,111","2,340,031","2,679,956"
Golden Gate NRA,"19,897,389","17,604,551","16,731,706","18,355,365","21,582,368","21,767,176","21,759,271","16,656,896","14,650,213","14,695,771","15,309,338","14,695,771","14,695,771","14,695,771","14,043,984","13,803,382","14,046,590","14,048,085","14,486,065","13,457,900","16,349,168"
Golden Spike NHP,"45,163","49,571","34,093","46,387","57,647","44,288","41,417","45,769","48,781","57,159","51,281","51,212","63,338","50,331","60,484","50,989","46,203","47,525","45,273","43,887","49,040"
Grand Canyon NP,"2,293,127","2,248,082","2,173,584","2,711,529","3,035,787","3,513,030","3,859,886","3,966,209","3,776,685","3,886,031","4,203,545","4,575,602","4,364,316","4,557,645","4,537,703","4,791,668","4,239,682","4,575,124","4,460,228","4,104,809","3,793,714"
Grand Portage NM,"36,068","36,261","45,669","46,488","46,782","47,251","74,372","75,673","72,250","67,597","54,292","61,372","70,016","75,810","71,746","69,752","75,227","74,744","92,914","81,428","63,786"
Grand Teton NP,"2,534,029","1,532,035","1,360,898","1,334,483","1,306,322","1,450,791","1,232,691","1,331,659","1,588,253","1,625,752","1,744,636","2,568,689","2,540,699","2,731,015","2,733,439","2,658,762","2,757,060","2,680,025","2,590,624","2,535,108","2,041,849"
Grant-Kohrs Ranch NHS,"27,790","34,292","23,766","23,166","27,029","25,407","22,886","23,415","26,753","26,927","27,853","26,987","26,056","29,395","29,175","28,460","25,374","23,502","20,864","20,188","25,964"
Great Basin NP,"32,264","30,335","37,676","36,343","40,359","63,532","73,559","70,259","65,026","63,864","69,144","91,915","88,024","87,829","86,635","90,760","80,363","90,119","81,045","81,712","68,038"
Great Sand Dunes NP & PRES,"175,273","150,177","141,833","182,713","221,449","225,937","274,286","266,321","272,136","295,070","290,654","294,282","312,225","323,663","309,283","309,855","279,768","286,745","260,789","277,523","257,499"
Great Smoky Mountains NP,"8,177,869","8,435,475","8,508,390","9,319,290","9,836,306","10,209,841","8,770,781","8,333,553","8,151,769","8,654,459","8,931,690","9,283,848","8,628,174","9,080,420","9,265,667","9,965,075","9,989,395","10,283,598","10,175,812","9,197,697","9,159,955"
Greenbelt Park,"277,869","217,141","261,142","332,849","311,053","325,231","301,410","277,387","301,184","249,163","261,340","314,986","377,531","333,010","322,800","420,875","147,634","110,994","169,511","192,154","275,263"
Guadalupe Mountains NP,"140,620","142,736","151,862","147,758","163,313","156,344","178,910","168,872","192,890","200,398","175,120","201,054","203,520","208,972","223,485","231,980","227,924","219,591","198,762","222,307","187,821"
Guilford Courthouse NMP,"219,540","161,504","204,413","179,278","171,010","149,971","170,880","132,553","189,013","199,587","203,723","188,272","212,986","230,513","614,766","663,904","753,943","740,024","822,948","858,125","353,348"
Gulf Islands NS,"3,507,438","4,060,386","5,803,384","9,880,814","7,646,201","4,826,892","5,197,899","4,458,368","4,873,730","4,987,978","5,427,729","5,456,294","5,069,495","4,520,356","2,581,037","4,697,014","4,293,301","4,597,270","4,590,595","4,549,900","5,051,304"
Hagerman Fossil Beds NM,,,,,,,,,,,,,,"12,808","11,793","11,861","13,267","13,070","13,609","12,311","12,674"
Haleakala NP,"771,762","864,289","1,003,821","1,194,651","1,281,219","1,333,900","1,314,683","1,367,761","1,260,601","1,228,332","1,183,124","1,317,433","1,527,329","1,594,596","1,553,344","1,673,561","1,476,842","1,963,187","1,620,083","1,410,974","1,347,075"
Hamilton Grange NMEM,0,"2,653","9,163","18,956","41,623","46,281","45,307","37,347","27,182","40,549","13,916",0,0,0,0,0,"33,406","43,887","41,283","22,971","21,226"
Hampton NHS,"80,111","83,064","82,742","69,970","45,118","26,921","25,434","31,451","29,149","30,101","24,766","30,588","29,459","30,771","30,218","30,234","28,892","20,509","23,401","24,096","38,850"
Harpers Ferry NHP,"682,386","600,823","673,944","566,661","907,747","916,361","697,230","624,168","542,619","489,919","449,341","426,481","394,322","386,247","314,548","340,246","371,094","333,738","317,699","325,156","518,037"
Harry S Truman NHS,,,"100,165","114,686","114,102","101,685","125,700","115,568","120,057","115,240","115,585","69,311","62,854","66,814","65,463","62,039","53,792","48,847","44,182","45,112","85,622"
Hawaii Volcanoes NP,"1,995,397","2,247,974","2,008,608","816,652","898,023","1,006,058","983,007","1,056,188","1,096,816","1,238,653","1,151,661","1,143,741","1,174,289","1,175,028","1,231,557","1,832,087","1,352,373","1,502,855","1,514,636","1,343,286","1,338,444"
Herbert Hoover NHS,"254,334","242,562","226,429","207,845","223,940","218,664","310,220","299,831","308,311","298,135","305,617","223,268","249,833","241,959","241,757","210,736","231,932","199,350","192,815","183,640","243,559"
Home of Franklin D. Roosevelt NHS,"268,269","212,494","205,405","214,011","204,098","190,582","176,015","181,073","169,468","165,769","169,339","179,892","170,912","169,320","193,170","180,103","163,398","135,701","130,368","127,624","180,351"
Homestead NHP,"18,971","22,608","21,849","21,268","38,276","42,671","34,838","37,393","38,101","40,356","42,989","46,537","30,986","32,626","36,384","29,477","38,910","41,510","43,892","52,077","35,586"
Hopewell Culture NHP,"43,606","43,013","42,420","39,632","43,854","46,750","44,592","42,422","38,509","42,322","41,402","33,832","37,042","38,836","37,005","35,075","35,599","29,282","28,617","26,761","38,529"
Hopewell Furnace NHS,"150,975","162,159","149,820","154,027","138,638","128,870","130,420","103,195","99,216","107,238","114,510","109,219","94,416","87,965","91,412","85,936","86,546","74,303","69,152","64,898","110,146"
Horseshoe Bend NMP,"57,539","62,514","62,374","62,549","61,203","47,688","65,467","100,863","98,606","58,475","79,995","91,895","112,862","106,442","95,851","97,087","114,721","111,854","125,372","108,190","86,077"
Hot Springs NP,"1,015,580","1,160,008","1,071,853","1,112,764","1,175,170","1,101,242","1,185,772","1,272,771","1,123,175","1,203,929","1,504,013","1,477,299","1,618,847","1,617,077","1,538,105","1,509,596","1,495,993","1,384,469","1,338,156","1,296,786","1,310,130"
Hovenweep NM,"13,532","13,837","14,322","14,601","15,583","18,579","22,134","26,798","27,260","26,858","27,149","25,633","24,767","27,020","27,526","24,465","23,699","47,593","43,300","37,396","25,103"
Hubbell Trading Post NHS,"161,461","147,318","144,755","120,473","138,811","132,047","148,412","172,873","180,923","208,354","232,513","251,190","237,013","238,338","253,123","264,952","271,353","202,572","216,407","234,631","197,876"
Independence NHP,"4,318,501","4,767,889","4,827,270","4,867,399","4,964,318","7,300,123","5,362,893","5,174,682","3,347,163","3,200,377","3,237,516","3,168,317","3,138,276","3,054,818","3,128,028","3,155,195","2,997,127","3,067,187","3,179,157","2,813,047","3,953,464"
Indiana Dunes NP,"1,066,573","1,510,630","1,560,428","1,800,326","1,676,583","1,576,238","1,885,376","1,791,902","1,919,901","2,058,801","1,973,098","1,763,094","1,699,958","1,696,488","1,526,166","1,483,782","2,108,789","1,748,047","1,820,228","1,735,404","1,720,091"
Isle Royale NP,"13,238","12,928","11,814","16,775","26,122","31,760","26,593","27,133","23,495","22,004","22,728","21,983","24,843","23,470","23,445","21,381","23,932","23,493","21,096","19,431","21,883"
James A. Garfield NHS,,,,,,,,,,,,,,,,"4,074","25,892","24,059","23,629","21,115","19,754"
Jean Lafitte NHP & PRES,"377,209","535,196","849,004","713,850","838,881","1,017,670","1,023,819","1,025,164","948,471","875,411","913,478","957,336","903,955","943,504","849,136","852,674","835,521","874,754","878,759","923,604","856,870"
Jewel Cave NM,"87,417","89,412","101,578","128,650","134,767","141,749","126,635","130,950","137,316","152,329","154,782","132,277","148,372","154,688","144,634","133,115","131,058","134,834","128,960","125,330","130,943"
Jimmy Carter NHP,,,,,,,"22,857","34,520","34,822","34,279","35,132","28,737","28,405","32,261","39,766","44,548","49,629","49,097","52,103","59,716","38,991"
"John D. Rockefeller, Jr. MEM PKWY","1,495,262","1,105,434","1,051,297","1,082,832","1,089,092","1,226,519","796,468","1,153,981","1,446,439","1,576,818","1,583,542","1,307,531","1,475,625","1,518,395","1,471,029","1,402,258","1,395,091","1,380,833","1,210,790","1,180,278","1,297,476"
John Day Fossil Beds NM,"106,123","109,694","101,783","101,566","103,328","117,346","126,928","134,710","98,435","103,941","111,643","131,850","114,927","128,032","120,556","113,057","99,983","99,274","100,522","98,489","111,109"
John F. Kennedy NHS,"16,829","18,269","18,907","17,438","18,632","15,951","15,496","14,640","16,391","13,542","11,345","12,998","11,814","9,250","15,717","13,508","10,924","23,047","12,262","12,244","14,960"
John Muir NHS,"33,015","28,118","32,207","33,954","38,051","33,712","35,923","33,358","26,234","22,680","21,473","29,376","31,044","27,936","28,045","31,534","30,051","30,992","32,538","25,257","30,275"
Johnstown Flood NMEM,"44,183","38,064","56,560","50,796","51,996","69,414","123,253","333,283","156,534","154,553","136,511","133,427","126,239","133,440","141,116","131,225","136,582","120,901","122,323","119,462","118,993"
Joshua Tree NP,"673,201","671,426","663,798","641,172","783,224","830,085","955,246","990,214","1,022,396","1,145,458","1,220,539","1,252,401","1,184,871","1,235,702","1,095,046","1,226,273","1,410,312","1,316,340","1,233,935","1,280,917","1,041,628"
Kalaupapa NHP,,,,,,,,,,,,,,,"62,314","75,962","83,468","57,905","86,989","63,006","71,607"
Kaloko Honokohau NHP,,,,,,,"12,462","17,354","23,580","46,780","42,591","44,481","46,370","49,634","48,836","44,258","56,584","47,328","44,150","54,000","41,315"
Katmai NP & PRES,"14,377","11,182","20,074","25,142","41,663","38,212","45,710","40,247","40,778","41,417","46,196","53,421","55,728",0,,"18,802","45,470","51,399","71,389","67,038","38,329"
Kenai Fjords NP,"16,118","24,048","30,703","35,758","54,296","60,428","59,017","75,557","66,115","107,041","108,130","189,712","209,516","230,657","274,034","306,164","263,948","290,673","254,790","262,353","145,953"
Kennesaw Mountain NBP,"963,835","946,672","913,604","776,340","665,582","749,043","693,389","762,422","784,310","787,400","926,748","929,767","965,883","1,147,958","1,172,130","959,260","1,052,281","1,236,585","1,341,712","1,329,271","955,210"
Kings Canyon NP,"831,044","765,755","937,262","874,456","1,028,785","1,081,172","1,007,695","1,037,349","1,062,867","1,071,022","637,446","636,515","725,930","832,794","502,749","484,718","540,212","559,534","528,987","541,787","784,404"
Kings Mountain NMP,"213,630","224,512","232,275","212,605","221,157","218,080","240,349","228,591","217,011","233,941","230,285","232,688","228,759","229,746","227,709","237,579","253,283","254,158","257,499","267,402","233,063"
Klondike Gold Rush NHP Alaska,"49,688","52,155","61,752","81,954","100,649","102,155","105,590","87,736","103,404","110,597","148,019","403,250","401,034","429,570","480,817","655,858","679,980","693,883","697,051","713,436","307,929"
Klondike Gold Rush NHP Seattle,"53,084","52,551","62,830","59,847","55,561","49,617","64,657","67,182","89,867","108,160","112,136","104,950","103,048","121,752","111,642","116,918","108,093","116,012","124,680","76,030","87,931"
Knife River Indian Villages NHS,"4,858","8,373","7,895","12,391","11,757","16,265","16,912","18,824","12,534","13,845","18,849","17,472","16,929","17,116","15,987","25,206","23,523","32,455","33,048","36,280","18,026"
Kobuk Valley NP,"3,775","2,365","1,075","1,305","1,085",230,"2,275","1,970","2,586","2,795","2,829","2,816","2,781","2,781","2,781","2,781","5,550","6,309","2,646","4,217","2,748"
Korean War Veterans Memorial,,,,,,,,,,,,,,,"863,639","1,285,566","3,336,548","3,249,688","2,923,716","2,961,477","2,436,772"
Lake Chelan NRA,,,,,,,,,0,"58,076","44,446","47,171","38,543","45,049","36,891","34,300","45,779","50,087","51,825","42,548","41,226"
Lake Clark NP & PRES,"10,440","12,332","12,505","12,701","13,611","16,418","18,863","14,879","10,196","4,133","9,233","12,153","12,143","12,698","12,727","9,173","11,335","6,190","6,493","4,397","11,131"
Lake Mead NRA,"5,390,496","5,913,768","6,276,562","6,952,147","7,753,333","8,098,685","8,327,850","8,495,295","8,582,223","8,445,016","9,016,525","8,941,225","9,566,725","9,838,702","9,350,847","8,528,420","8,788,055","9,023,943","8,755,005","8,465,547","8,225,518"
Lake Meredith NRA,"1,909,655","1,844,870","1,944,648","1,597,719","1,406,693","1,280,496","1,321,739","1,274,916","1,358,778","1,280,021","1,296,962","1,480,987","1,535,448","1,470,137","1,676,466","1,683,646","1,636,419","1,779,138","1,615,751","1,248,278","1,532,138"
Lake Roosevelt NRA,"819,328","666,341","622,908","517,471","790,311","1,067,001","1,366,305","1,097,136","1,542,515","1,771,420","1,121,973","1,198,605","1,515,674","1,341,016","1,045,455","1,431,960","1,545,150","1,403,793","1,415,627","1,252,160","1,176,607"
Lassen Volcanic NP,"414,859","429,867","463,275","451,497","439,723","472,431","495,628","466,115","460,917","463,179","468,011","434,264","385,489","351,001","351,632","391,816","318,049","353,756","374,911","376,695","418,156"
Lava Beds NM,"77,705","68,737","65,611","68,254","77,061","75,048","77,555","76,871","72,570","76,150","164,132","178,863","112,349","121,507","108,298","111,733","115,727","135,180","114,337","113,882","100,579"
LBJ Memorial Grove on the Potomac,,,"1,081,095","1,122,489","1,176,096","1,211,526","1,229,295","454,519","615,002","660,651","676,657","625,607","617,094","625,271","489,122","587,734","567,737","537,685","488,094","529,503","738,621"
Lewis & Clark NHP,"149,368","147,208","145,975","159,861","173,778","174,798","203,151","206,821","262,728","279,799","257,179","210,176","193,558","194,410","179,573","199,822","234,227","211,494","214,759","226,137","201,241"
Lincoln Boyhood NMEM,"207,898","216,252","217,844","219,215","212,002","219,075","198,685","211,587","210,377","209,197","212,037","176,591","192,460","135,400","130,805","158,806","149,323","146,914","154,031","146,037","186,227"
Lincoln Home NHS,"432,695","448,078","431,196","431,347","440,775","418,356","606,918","582,589","452,894","509,507","520,940","451,674","461,966","428,202","412,524","442,514","408,051","385,683","367,968","392,214","451,305"
Lincoln Memorial,"3,131,753","3,352,825","3,963,471","3,810,581","3,972,460","4,308,292","2,787,270","1,462,609","1,265,085","1,141,278","1,237,659","1,258,534","1,200,094","1,291,628","1,190,961","1,557,964","4,368,912","4,099,480","4,009,145","3,968,357","2,668,918"
Little Bighorn Battlefield NM,"205,585","221,398","247,695","261,686","275,450","265,046","226,507","225,247","230,891","292,302","328,093","335,330","399,643","409,520","363,841","358,212","366,739","394,098","330,329","334,567","303,609"
Little Rock Central High School NHS,,,,,,,,,,,,,,,,,,,,"21,078","21,078"
Longfellow House Washington's HQ NHS,"17,665","18,566","15,926","19,186","17,746","12,681","12,899","12,836","15,042","15,263","15,949","15,379","12,411","16,241","13,131","17,927","19,542",0,0,0,"13,420"
Lowell NHP,"401,022","437,999","596,304","706,921","802,479","740,875","703,408","735,209","728,112","711,748","733,330","602,173","442,814","495,773","541,515","510,922","554,612","551,208","604,787","723,568","616,239"
Lyndon B. Johnson NHP,"290,524","299,460","276,414","287,622","308,124","330,848","303,214","286,686","193,066","194,220","190,414","184,841","181,555","159,430","136,892","129,667","124,212","122,116","108,728","101,824","210,493"
Maggie L. Walker NHS,,,,"1,428","3,107","4,432","5,419","5,625","5,938","5,241","6,396","9,251","10,269","9,433","8,536","8,411","9,405","9,645","9,514","10,147","7,188"
Mammoth Cave NP,"1,526,676","1,498,503","1,501,450","1,507,939","1,646,673","1,636,340","1,735,610","1,672,840","1,924,538","2,158,195","2,392,858","2,396,234","2,009,935","1,935,709","1,896,829","1,997,658","2,113,992","1,710,983","1,749,268","1,883,580","1,844,791"
Manassas NBP,"668,601","720,745","703,100","723,998","793,274","667,014","778,861","767,138","799,972","905,485","867,606","614,897","917,534","676,087","725,086","1,025,826","972,709","815,338","692,006","822,684","782,898"
Manzanar NHS,,,,,,,,,,,,,,,,,,,"38,010","46,834","42,422"
Marsh-Billings-Rockefeller NHP,,,,,,,,,,,,,,,,,"22,652","44,964","46,289","26,350","35,064"
"Martin Luther King, Jr. NHP",,"174,841","322,723","377,069","582,582","727,919","817,120","1,012,217","1,348,652","2,870,609","3,252,140","765,838","648,982","424,674","774,917","494,002","387,594","499,844","612,065","598,475","878,540"
Martin Van Buren NHS,"10,538","6,888","5,370","5,335","4,943","11,124","12,499","12,087","11,569","15,370","14,482","13,816","13,875","19,402","17,807","23,008","20,087","20,325","14,066","15,950","13,427"
Mary McLeod Bethune Council House NHS,,,,,,,,,,,,,,,,"8,213","7,747","6,577","5,696","5,769","6,800"
Mesa Verde NP,"602,968","604,115","516,865","656,271","658,888","728,566","772,183","600,045","611,375","678,075","742,080","666,054","685,031","663,794","617,360","627,720","604,556","635,736","452,287","513,409","631,869"
Minute Man NHP,"1,037,897","1,015,027","960,840","895,775","1,208,554","945,530","1,001,990","916,595","857,156","769,746","1,091,964","953,630","1,062,161","1,078,632","955,938","828,902","965,253","869,884","1,004,195","1,072,979","974,632"
Mojave NPRES,,,,,,,,,,,,,,,,"378,977","374,378","391,694","444,402","492,745","416,439"
Monocacy NB,,,,,,,,,,0,"9,560","8,251","11,661","21,165","11,312","11,804","15,563","14,834","18,198","18,095","12,768"
Montezuma Castle NM,"454,985","479,722","528,413","545,624","642,027","738,047","802,819","835,802","852,678","876,093","902,010","946,262","923,687","926,631","1,029,336","947,062","853,821","823,489","789,131","710,595","780,412"
Moores Creek NB,"50,192","39,532","32,715","43,908","45,821","41,026","49,020","46,260","51,640","68,511","64,958","58,215","70,225","57,706","58,516","47,139","52,210","81,574","89,872","88,320","56,868"
Morristown NHP,"534,659","626,327","579,845","620,809","534,064","502,039","460,398","643,232","705,870","686,040","729,568","614,744","589,763","583,662","498,256","535,787","543,277","601,925","463,624","464,758","575,932"
Mount Rainier NP,"1,007,300","1,106,306","1,152,411","1,165,640","1,298,457","1,292,027","1,255,618","1,354,302","1,327,101","1,549,412","1,522,057","1,365,213","1,426,244","1,438,227","1,338,961","1,315,773","1,353,793","1,291,397","1,344,833","1,301,103","1,310,309"
Mount Rushmore NMEM,"1,484,300","1,562,559","1,558,872","1,740,793","1,648,737","1,530,714","1,570,137","1,639,986","1,671,673","2,044,522","1,917,134","1,930,053","2,043,988","1,687,529","1,904,991","1,752,014","2,014,485","1,972,289","1,868,876","1,904,119","1,772,389"
Muir Woods NM,"1,171,430","1,167,337","1,220,310","1,377,221","1,399,636","1,628,198","1,598,743","1,578,874","1,479,684","1,518,874","1,623,430","1,517,834","1,406,592","1,295,876","1,410,655","1,546,514","860,378","883,164","884,229","773,624","1,317,130"
Natchez NHP,,,,,,,,,,,"41,036","56,568","53,832","42,121","49,110","51,107","164,011","365,677","334,745","287,499","144,571"
Natchez Trace PKWY,"11,051,140","12,796,122","13,478,261","12,931,973","14,364,008","9,941,614","11,685,582","10,837,879","5,505,253","5,832,697","5,776,191","5,752,880","5,287,801","5,849,061","6,088,610","5,992,978","5,810,094","6,392,961","5,737,183","5,552,351","8,333,232"
National Capital Parks Central,,,,,,,,,,,,,,,,"1,602,145","1,264,132","1,432,569","2,816,985","1,860,851","1,795,336"
National Capital Parks East,,,,,,,,,,,,,,,,"1,746,476","1,609,738","1,100,142","1,263,838","1,343,067","1,412,652"
Natural Bridges NM,"55,209","56,368","59,123","61,179","73,069","88,243","98,559","103,822","101,958","124,596","139,160","151,504","137,214","146,636","136,368","141,573","126,360","129,173","112,573","97,171","106,993"
Navajo NM,"38,927","46,792","38,916","46,702","46,554","62,441","78,861","83,615","76,808","81,488","106,195","97,594","105,234","108,474","100,323","100,466","90,666","78,603","66,133","57,904","75,635"
New Bedford Whaling NHP,,,,,,,,,,,,,,,,,"23,710","246,920","272,506","303,342","211,620"
New Orleans Jazz NHP,,,,,,,,,,,,,,,,,,,"16,711","45,766","31,239"
New River Gorge NP & PRES,,,"231,295","263,021","394,079","436,791","399,722","411,195","378,035","772,172","940,310","1,005,598","1,079,994","1,177,238","1,237,637","1,228,242","1,197,649","1,186,501","1,132,531","1,231,529","816,863"
Nez Perce NHP,"187,747","207,746","222,236","228,300","200,881","238,305","208,329","241,625","199,534","242,112","264,643","249,418","262,355","250,276","263,241","255,539","236,020","187,252","145,970","159,417","222,547"
Nicodemus NHS,,,,,,,,,,,,,,,,,"1,282","18,900","21,691","34,251","19,031"
Ninety Six NHS,,,,"17,908","41,690","39,707","37,763","44,829","45,729","30,025","27,688","31,075","36,155","31,719","37,591","33,976","31,842","27,900","28,492","29,194","33,723"
Noatak NPRES,"4,170","4,605","7,835","7,005","5,570","4,475","5,350","5,280","5,126","5,569","5,466","7,053","7,103","7,103","7,103","7,103","2,100","3,927","2,257","3,912","5,406"
North Cascades NP,"857,016","858,041","637,836","629,234","683,056","651,606","605,967","391,433","456,444","22,796","20,295","21,378","19,323","65,984","27,910","27,203","32,753","21,488","25,704","27,739","304,160"
Obed W&SR,,,,,,"6,722","16,346","21,305","104,902","86,414","186,272","226,077","241,947","232,228","216,699","298,642","249,518","245,899","240,194","193,105","171,085"
Ocmulgee Mounds NHP,"80,904","111,014","148,769","198,596","214,853","164,059","118,336","127,938","122,386","127,832","125,018","115,236","111,146","114,544","129,818","126,029","120,254","118,803","127,705","118,565","131,090"
Olympic NP,"2,478,739","2,410,722","2,759,011","2,532,145","2,940,034","2,822,850","2,959,122","2,737,611","2,794,903","2,759,673","3,030,195","2,679,598","3,381,573","3,658,615","3,348,723","3,846,709","3,577,007","3,364,266","3,327,722","3,416,069","3,041,264"
Oregon Caves NM & PRES,"115,045","114,160","118,583","93,993","101,833","102,944","117,068","103,325","99,158","99,061","86,097","97,223","97,286","103,056","98,383","84,500","86,476","91,129","89,230","87,175","99,286"
Organ Pipe Cactus NM,"151,934","205,090","182,011","175,581","219,912","247,089","240,253","216,814","218,421","228,842","260,677","251,776","274,757","412,453","399,721","168,169","182,126","156,107","258,306","329,028","238,953"
Ozark NSR,"1,449,168","1,408,642","1,429,268","1,358,900","1,351,018","1,280,744","1,546,702","1,580,800","1,739,597","2,304,761","1,649,662","1,390,130","1,471,313","1,519,853","1,475,942","1,602,504","1,547,989","1,536,301","1,568,758","1,488,355","1,535,020"
Padre Island NS,"731,218","630,165","613,386","669,078","708,932","605,977","587,283","586,235","593,255","972,122","848,073","766,391","915,596","755,817","840,236","677,492","707,999","630,562","759,596","656,873","712,814"
Pea Ridge NMP,"105,296","113,930","124,282","118,613","131,161","98,688","108,075","104,612","109,972","103,034","113,762","89,688","90,407","106,513","90,839","72,016","80,000","95,410","76,495","77,583","100,519"
Pearl Harbor NMEM,"1,039,050","1,044,752","1,193,987","1,174,573","1,281,356","1,387,343","1,322,849","1,370,153","1,389,810","1,488,960","1,535,881","1,449,997","1,453,948","1,373,331","1,415,855","1,404,684","1,358,699","1,402,418","1,444,904","1,436,006","1,348,428"
Pecos NHP,"38,926","39,371","37,514","44,616","44,808","45,320","48,595","44,632","45,316","47,111","47,809","43,410","39,517","41,090","40,400","33,862","30,172","37,886","37,127","32,718","41,010"
Pennsylvania Avenue NHS,,,,,"310,693","46,096","247,231","241,631","214,309","230,629","224,063","226,479","245,821","212,277","212,260","224,689","265,575","270,211","278,472","225,962","229,775"
Perry's Victory & Intl. Peace MEM,"138,841","156,293","138,615","154,983","155,127","143,164","140,645","164,390","176,909","195,001","167,609","183,789","186,172","187,700","197,506","174,445","185,679","179,542","164,223","164,402","167,752"
Petersburg NB,"550,783","553,208","532,643","526,073","524,827","460,280","442,326","370,735","250,289","293,874","299,146","254,617","218,561","200,992","171,312","177,325","155,993","148,676","171,099","161,999","323,238"
Petrified Forest NP,"710,619","708,512","714,761","736,659","761,257","758,082","857,031","824,141","844,592","874,521","930,031","936,429","922,927","935,065","829,495","823,266","816,506","666,978","605,192","583,904","791,998"
Petroglyph NM,,,,,,,,,,,"68,065","66,870","85,869","88,196","90,533","92,209","77,537","72,604","61,170","60,608","76,366"
Pictured Rocks NL,"356,415","441,271","407,697","397,884","406,619","474,934","553,774","565,242","561,973","704,894","583,110","610,811","581,281","462,687","403,684","413,963","455,120","442,916","422,683","421,312","483,414"
Pinnacles NP,"171,026","170,631","166,258","191,578","198,236","204,705","212,094","218,601","214,268","192,610","191,683","194,757","172,642","177,527","164,465","171,971","94,639","164,854","162,110","178,243","180,645"
Pipe Spring NM,"30,155","28,237","28,635","30,083","33,578","35,648","40,447","42,287","46,442","55,271","56,199","52,436","47,837","46,423","44,817","66,624","62,986","64,735","51,993","50,783","45,781"
Pipestone NM,"134,782","133,831","129,064","131,204","138,993","117,053","105,190","109,198","106,623","120,419","124,075","107,292","116,374","104,007","96,157","87,907","91,785","92,605","92,391","88,512","111,373"
Piscataway Park,"118,545","69,712","58,078","58,608","76,425","87,658","56,157","181,106","270,008","164,463","213,494","139,165","133,758","147,541","194,494","245,228","233,571","239,008","201,177","251,261","156,973"
Point Reyes NS,"1,344,582","1,424,751","2,032,238","1,991,615","2,053,399","2,126,790","2,241,850","2,204,407","2,369,083","2,396,904","2,579,949","2,561,234","2,466,532","2,208,369","2,272,398","2,505,547","2,477,409","2,300,631","2,325,336","2,222,762","2,205,289"
President's Park,,,,,,,,,,,,,,,,"1,846,879","1,333,875","1,363,332","1,219,143","1,401,108","1,432,867"
Prince William Forest Park,"439,724","419,793","406,832","431,922","449,660","418,145","358,823","305,127","290,457","290,726","303,909","256,612","232,766","239,320","239,369","223,655","162,176","145,993","175,581","217,721","300,416"
Pu'uhonua o Honaunau NHP,"345,920","347,840","383,120","394,844","432,400","415,580","392,537","414,380","392,366","401,540","434,110","424,819","454,457","436,654","441,828","478,023","492,210","435,810","419,518","402,071","417,001"
Pu'ukohola Heiau NHS,"33,706","40,719","44,953","48,014","56,424","54,945","53,248","59,754","63,398","70,514","48,792","42,945","44,295","45,649","46,593","46,584","57,364","58,317","54,256","54,745","51,261"
Rainbow Bridge NM,"172,126","161,551","177,971","177,038","283,597","210,708","238,307","238,307","255,420","258,346","256,158","211,254","298,651","346,151","325,562","179,791","195,916","234,550","197,614","189,750","230,438"
Redwood NP,"467,126","473,711","467,155","505,791","567,849","610,897","677,135","654,115","348,458","366,280","387,781","421,027","475,033","552,464","426,938","382,488","383,188","369,726","383,253","388,352","465,438"
Richmond NBP,"300,170","312,786","304,487","305,667","302,470","328,854","341,942","366,848","428,667","475,786","473,096","92,839","82,827","85,371","77,807","77,707","82,187","87,957","90,422","108,244","236,307"
Rio Grande W&SR,,,,702,805,743,822,662,525,628,962,470,693,493,498,489,462,678,909,"1,086",684
Rock Creek Park,"1,764,535","2,360,791","1,492,638","1,891,539","2,188,249","1,724,665","1,564,453","2,049,651","2,204,125","2,155,770","1,971,419","2,146,546","2,332,045","2,049,141","1,873,822","2,001,085","2,015,825","1,998,719","2,039,559","2,185,813","2,000,520"
Rocky Mountain NP,"2,564,116","2,599,006","2,231,448","2,248,854","2,408,234","2,531,864","2,544,211","2,502,915","2,647,323","2,751,781","2,788,868","2,780,342","2,968,450","2,878,169","2,923,755","2,965,354","3,035,422","3,186,323","3,185,392","3,139,685","2,744,076"
Roger Williams NMEM,"14,353","15,664","15,817","14,480","18,176","21,875","20,979","18,953","20,296","107,601","48,343","50,389","42,811","38,318","49,513","52,006","57,155","60,916","56,240","51,816","38,785"
Ross Lake NRA,,,,,,,,,0,"298,948","330,015","311,716","348,257","344,902","313,565","332,164","425,209","333,944","273,696","331,343","303,647"
Russell Cave NM,"21,780","22,136","22,675","21,561","23,388","24,959","25,161","23,693","23,553","20,783","27,309","30,020","32,923","35,739","26,881","27,380","26,353","27,289","23,465","20,449","25,375"
Sagamore Hill NHS,"144,023","123,487","120,835","121,598","119,458","104,801","135,331","159,839","168,975","115,176","80,621","58,762","62,887","71,261","71,195","96,590","90,919","67,193","53,182","45,176","100,565"
Saguaro NP,"566,807","634,688","699,292","636,711","613,651","689,933","675,397","706,191","702,328","679,034","810,059","828,267","768,685","732,813","671,643","739,410","716,160","749,014","765,195","725,874","705,558"
Saint Croix NSR,"445,183","440,016","462,922","439,033","438,772","625,549","529,414","553,779","489,274","468,790","500,960","373,518","424,835","458,525","422,653","423,622","452,748","328,506","369,736","257,903","445,287"
Saint Paul's Church NHS,,,,,,,,,,"5,987","4,712","3,341","3,869","4,495","4,346","6,032","8,069","7,442","9,771","11,756","6,347"
Saint-Gaudens NHP,"38,002","38,682","27,080","31,880","35,446","36,227","32,974","44,881","35,955","39,790","35,773","33,482","34,560","34,773","37,498","35,369","36,303","29,031","37,030","37,550","35,614"
Salem Maritime NHS,"401,480","565,898","788,510","669,983","673,861","874,589","742,673","693,272","617,428","786,942","1,079,290","542,495","623,383","693,218","600,778","688,584","802,214","762,869","796,318","748,747","707,627"
Salinas Pueblo Missions NM,"32,491","35,968","28,395","29,643","30,619","35,093","34,114","38,723","36,313","41,171","46,707","50,283","51,391","53,950","44,913","41,710","39,464","39,962","34,842","34,568","39,016"
San Antonio Missions NHP,,"134,904","205,124","212,165","250,410","257,265","258,033","270,136","313,443","290,519","950,496","1,230,544","1,504,518","1,087,165","1,239,970","1,328,958","1,118,905","1,224,178","1,393,894","1,370,082","770,564"
San Francisco Maritime NHP,,,,,,,,"5,203,302","3,088,265","4,317,598","3,560,895","3,649,325","3,733,911","3,631,994","3,670,972","3,530,687","3,535,081","3,535,315","3,433,066","3,256,974","3,703,645"
San Juan Island NHP,"113,385","122,540","99,400","104,312","137,008","158,260","248,188","251,399","247,823","359,168","301,452","323,987","201,516","206,039","227,104","225,851","250,285","270,671","267,718","301,067","220,859"
San Juan NHS,"1,508,333","1,306,178","2,005,185","2,221,661","2,230,500","1,808,232","2,555,674","2,425,305","2,404,184","2,345,348","2,070,744","1,243,057","1,306,921","1,350,829","1,051,187","982,740","892,854","950,141","1,086,104","1,281,528","1,651,335"
Santa Monica Mountains NRA,"468,144","394,100","458,423","513,073","516,064","517,811","501,450","209,908","305,972","334,272","365,215","401,739","384,324","388,047","428,524","530,198","516,249","555,529","469,344","532,898","439,564"
Saratoga NHP,"121,867","123,519","119,870","116,922","189,774","128,776","129,361","149,280","163,910","169,919","154,661","174,913","200,210","177,278","137,366","138,405","170,227","158,602","163,914","154,897","152,184"
Saugus Iron Works NHS,"37,581","38,549","43,498","40,320","49,500","69,640","70,857","75,536","45,652","47,605","50,138","34,748","22,095","20,738","21,451","19,146","22,917","22,064","17,713","17,017","38,338"
Scotts Bluff NM,"170,175","151,984","153,448","168,616","170,708","161,896","147,408","164,050","171,788","186,813","152,710","156,056","141,820","127,385","132,166","141,613","141,606","141,453","119,404","113,135","150,712"
Sequoia NP,"1,020,500","854,233","979,632","939,468","1,056,527","1,139,389","1,031,129","1,056,020","1,063,538","1,120,278","961,095","1,066,552","1,034,133","844,582","838,060","1,008,931","861,303","873,229","838,947","870,327","972,894"
Shenandoah NP,"1,751,972","1,768,378","1,869,307","1,933,085","1,843,985","1,767,727","1,937,155","1,873,817","1,771,780","1,939,486","1,822,193","1,951,366","1,926,883","1,757,794","1,571,019","1,587,790","1,473,100","1,339,286","1,419,579","1,498,561","1,740,213"
Shiloh NMP,"260,177","272,092","275,345","264,428","325,958","336,129","361,575","338,946","337,191","400,983","407,986","341,220","363,441","330,432","318,936","345,310","329,067","357,532","261,472","356,787","329,250"
Sitka NHP,"87,316","84,830","108,046","116,946","110,580","95,060","101,020","102,503","123,693","136,110","142,467","118,843","133,010","259,365","371,210","269,606","159,965","197,809","194,053","211,984","156,221"
Sleeping Bear Dunes NL,"664,945","658,208","853,186","897,512","634,435","1,222,811","1,317,530","1,250,416","1,216,870","1,246,333","1,237,181","1,182,843","1,159,676","1,151,957","1,091,005","1,157,616","1,298,205","1,364,834","1,195,084","1,127,107","1,096,388"
Springfield Armory NHS,"18,134","15,626","17,452","16,123","18,274","13,705",0,"4,731","16,534","16,981","15,630","12,524","15,513","31,572","18,991","16,000","15,247","16,250","23,987","27,044","16,516"
Statue of Liberty NM,"1,784,297","1,598,829","637,180","190,172","1,923,692","3,092,686","2,833,424","2,655,797","3,072,185","4,343,017","4,157,904","4,112,003","4,252,823","4,244,725","4,494,076","4,738,388","5,200,633","5,370,015","5,509,706","4,317,998","3,426,478"
Steamtown NHS,,,,,,,,"101,761","119,990","91,417","151,079","152,947","130,129","211,553","168,970","182,827","185,274","178,208","160,421","128,435","151,001"
Stones River NB,"140,772","138,605","123,698","196,299","210,335","151,748","198,213","189,904","192,400","222,583","243,813","283,283","203,956","258,269","255,888","165,026","187,647","191,559","186,212","192,084","196,615"
Sunset Crater Volcano NM,"348,633","375,136","409,112","412,501","426,454","449,423","515,084","499,265","502,450","520,487","597,942","514,943","522,963","488,911","198,349","187,734","175,805","183,198","167,988","159,523","382,795"
Tallgrass Prairie NPRES,,,,,,,,,,,,,,,,,"18,994","21,786","18,049","18,149","19,245"
Thaddeus Kosciuszko NMEM,"7,693","7,037","7,052","7,433","7,208","7,855","7,243","7,489","6,422","5,788","5,501","4,560","7,152","7,593","7,259","6,892","5,990","6,130","8,488","7,722","6,925"
Theodore Roosevelt Birthplace NHS,"12,563","13,163","16,381","17,511","16,408","17,273","15,817","11,256","11,255","13,237","17,629","18,225","18,876","16,995","26,895","27,613","23,459","23,495","19,837","11,198","17,454"
Theodore Roosevelt Inaugural NHS,"14,975","16,068","15,468","13,150","21,077","33,474","41,598","44,470","38,527","26,869","23,801","35,724","40,879","45,333","8,300","10,323","12,578","13,315","15,813","20,684","24,621"
Theodore Roosevelt Island,"58,630","55,901","51,714","51,745","48,359","33,739","36,469","86,658","42,426","50,659","36,984","47,958","66,215","89,358","131,890","129,818","131,741","188,431","178,795","190,029","85,376"
Theodore Roosevelt NP,"677,014","415,118","361,139","377,152","390,553","424,846","413,527","459,171","460,718","468,926","475,937","475,160","505,349","460,699","436,081","393,265","448,286","431,311","431,813","446,609","447,634"
Thomas Edison NHP,"43,927","39,121","40,796","32,599","37,916","41,778","55,832","62,103","55,872","63,231","74,883","61,621","58,050","55,760","53,603","67,659","61,330","26,010","12,863","54,419","49,969"
Thomas Jefferson MEM,"1,270,798","1,485,531","1,873,728","2,261,477","3,273,574","1,818,622","1,329,531","923,811","794,102","655,444","939,852","714,095","531,436","588,051","748,862","953,408","2,139,549","2,218,837","1,976,325","2,225,756","1,436,139"
Thomas Stone NHS,,,,,,,,,,,"3,161","3,589","4,802","4,872","3,946","6,023","3,034","4,038","4,414","5,241","4,312"
Timpanogos Cave NM,"104,630","98,475","119,688","128,622","124,410","137,279","138,694","126,876","114,247","104,745","120,374","90,803","77,528","79,641","97,250","112,777","119,074","122,778","115,115","126,270","112,964"
Timucuan EHP,,,,,,,,,,,"49,861","52,945","50,329","50,812","59,701","121,420","633,233","637,012","650,585","707,183","301,308"
Tonto NM,"68,844","70,039","69,665","73,606","82,784","80,906","78,382","61,106","45,536","62,639","60,375","70,161","69,083","70,936","71,970","79,402","78,822","74,006","76,059","80,006","71,216"
Tumacacori NHP,"58,290","57,922","58,260","58,022","60,117","63,327","60,311","61,912","63,945","58,269","52,951","53,363","66,097","57,711","62,206","58,713","58,853","56,189","53,706","49,570","58,487"
Tuskegee Institute NHS,"82,990","76,060","95,323","96,655","99,876","199,819","280,757","289,050","399,684","402,485","309,072","326,080","631,054","769,540","490,861","44,324","48,377","54,652","57,954","37,843","239,623"
Tuzigoot NM,"79,566","80,541","83,668","90,934","97,537","96,444","108,423","113,344","118,386","136,092","138,684","109,951","116,814","118,369","115,411","131,419","125,437","124,347","113,525","116,323","110,761"
Ulysses S. Grant NHS,,,,,,,,,,524,"1,366","2,983","5,016","7,539","14,124","14,040","19,134","20,635","17,894","22,421","11,425"
Upper Delaware S&RR,"106,502","223,096","159,854","154,799","162,598","157,753","207,465","226,125","215,924","222,637","207,751","258,994","270,922","492,256","494,267","308,215","292,245","354,356","276,178","306,639","254,929"
Valley Forge NHP,"3,410,490","3,448,694","3,957,742","4,177,029","4,225,618","4,348,196","4,202,511","4,700,074","1,659,425","1,687,247","1,772,542","1,831,429","1,805,069","1,925,679","1,876,525","1,901,406","1,784,520","1,308,986","1,350,434","1,230,025","2,630,182"
Vanderbilt Mansion NHS,"368,936","420,104","383,092","324,128","395,597","411,391","432,718","573,188","723,521","434,754","392,702","452,936","329,531","354,937","368,899","382,417","383,038","313,863","410,575","396,656","412,649"
Vicksburg NMP,"614,788","653,835","1,112,881","899,674","1,066,054","869,149","675,690","571,862","530,733","864,799","910,493","1,010,001","801,381","896,019","968,615","894,000","1,005,918","1,021,860","934,226","992,284","864,713"
Vietnam Veterans MEM,,,"2,303,890","3,978,216","5,355,354","3,987,293","3,657,726","2,594,694","1,956,930","1,615,908","1,666,381","1,686,781","1,475,044","1,221,695","1,230,191","1,765,012","4,687,299","4,442,238","3,782,445","3,704,008","2,839,506"
Virgin Islands NP,"673,480","676,800","666,435","699,398","766,458","785,354","838,684","664,032","664,735","710,180","772,470","807,093","635,291","536,058","475,942","592,537","556,849","425,345","703,992","677,401","666,427"
Voyageurs NP,"143,724","146,454","154,723","183,984","172,137","201,727","223,735","209,626","223,554","221,857","227,498","228,143","224,181","210,938","246,588","223,418","231,958","228,898","227,371","243,374","208,694"
Walnut Canyon NM,"86,517","88,376","93,628","90,077","115,754","109,001","122,465","135,129","134,429","157,146","157,987","165,223","162,295","149,082","153,287","129,807","115,342","122,064","112,649","102,839","125,155"
War in the Pacific NHP,,,,"8,623","51,567","55,914","49,427","57,404","61,166","59,950","58,287","69,835","112,367","125,806","133,220","124,455","134,067","138,575","155,789","149,865","90,960"
Washington Monument,"1,292,284","1,212,736","1,342,093","1,229,062","1,271,214","1,300,983","1,218,031","1,136,662","1,245,479","1,168,736","1,165,160","1,080,030","1,000,278","943,098","707,498","841,218","340,190","553,420","185,085",0,"961,663"
Weir Farm NHP,,,,,,,,,,,,"4,885","8,634","10,519","11,127","9,069","11,844","15,058","15,910","17,643","11,632"
Whiskeytown NRA,"1,377,648","1,082,532","1,299,089","1,246,433","1,728,722","1,742,251","1,352,456","1,550,783","2,002,858","1,537,073","785,975","446,180","950,586","914,470","844,151","697,435","752,478","716,526","702,883","695,018","1,121,277"
White House,"1,076,713","1,169,085","1,134,625","1,259,928","1,148,290","1,077,561","1,089,967","1,060,548","1,090,446","978,617","1,144,540","1,161,674","1,228,097","1,120,926","1,179,458","1,227,392","1,027,479","1,015,395","1,175,714","856,042","1,111,125"
White Sands NP,"543,581","492,902","542,930","486,754","666,879","567,613","556,185","568,530","582,487","588,543","590,371","611,252","583,061","604,796","616,699","629,507","592,957","553,948","515,229","518,958","570,659"
Whitman Mission NHS,"97,811","108,114","105,172","104,050","109,855","115,495","97,684","83,884","85,287","83,876","73,198","76,900","70,635","79,059","77,338","77,601","77,967","74,954","67,035","64,679","86,530"
William Howard Taft NHS,"3,184","2,964","2,272","1,649","3,905","3,683","5,617","7,633","7,599","8,333","6,475","6,146","7,065","6,088","6,640","7,588","7,166","5,960","8,267","8,946","5,859"
Wilson's Creek NB,"78,374","93,573","124,011","176,821","270,384","278,170","351,658","262,687","156,676","146,947","174,626","187,833","205,093","145,809","259,201","175,688","176,036","177,721","196,502","223,531","193,067"
Wind Cave NP,"467,392","503,739","536,022","477,585","483,334","563,720","578,016","561,758","586,464","597,057","660,296","537,075","871,061","805,688","781,171","832,033","849,974","761,717","668,507","650,357","638,648"
Wolf Trap NP for the Performing Arts,"339,034","258,430","304,738","458,395","539,294","545,667","577,050","565,823","560,284","597,469","680,862","620,644","612,599","584,988","591,928","644,852","523,354","549,491","523,843","539,999","530,937"
Women's Rights NHP,,"6,759","9,211","14,755","16,764","17,012","22,710","15,495","15,853","17,267","18,475","30,111","29,187","33,565","30,490","25,354","74,263","36,672","26,501","23,771","24,432"
Wrangell-St. Elias NP & PRES,"14,871","18,760","22,183","23,171","26,557","29,191","31,046","33,221","35,976","38,971","42,229","45,335","50,146","54,430","31,467","31,833","27,859","29,252","28,331","28,643","32,174"
Wright Brothers NMEM,"415,360","484,289","409,493","448,677","630,779","315,957","328,617","472,894","463,461","461,494","477,643","477,362","475,755","434,671","393,721","425,132","419,210","375,681","429,472","438,548","438,911"
Wupatki NM,"183,666","190,938","207,893","191,950","207,951","208,953","243,666","245,948","249,954","234,122","267,090","262,769","264,747","262,675","238,889","233,582","217,466","245,225","243,270","239,476","232,012"
Yellowstone NP,"2,368,897","2,347,242","2,222,027","2,226,159","2,363,756","2,573,194","2,182,113","2,644,442","2,823,572","2,920,537","3,144,405","2,912,193","3,046,145","3,125,285","3,012,171","2,889,513","3,120,830","3,131,381","2,838,233","2,758,526","2,732,531"
Yosemite NP,"2,415,587","2,457,464","2,738,467","2,831,952","2,876,717","3,152,275","3,216,681","3,308,159","3,124,939","3,423,101","3,819,518","3,839,645","3,962,117","3,958,406","4,046,207","3,669,970","3,657,132","3,493,607","3,400,903","3,368,731","3,338,079"
Yukon-Charley Rivers NPRES,697,955,988,"2,073","1,707","1,789","1,255",916,"1,965","2,050","2,430","1,951",646,658,"1,005","1,856","4,451","4,072","3,677","6,571","2,086"
Zion NP,"1,246,290","1,273,030","1,377,254","1,503,272","1,670,503","1,777,619","1,948,332","1,998,856","2,102,400","2,236,997","2,390,626","2,392,580","2,270,871","2,430,162","2,498,001","2,445,534","2,370,048","2,449,664","2,432,348","2,217,779","2,051,608"
